{
  "train": {
    "accuracy": 1.0,
    "precision": 1.0,
    "recall": 1.0,
    "f1": 1.0,
    "auc_roc": 1.0
  },
  "validation": {
    "accuracy": 0.8133333333333334,
    "precision": 0.7428571428571429,
    "recall": 0.5777777777777777,
    "f1": 0.65,
    "auc_roc": 0.874920634920635
  },
  "test": {
    "accuracy": 0.8133333333333334,
    "precision": 0.7073170731707317,
    "recall": 0.6444444444444445,
    "f1": 0.6744186046511628,
    "auc_roc": 0.9121693121693122
  },
  "timestamp": "2026-01-11T16:09:01.411627"
}